{"_wandb":{"runtime":0},"_step":0,"_runtime":0.140608084,"Recall@top1":99.87130165100098,"_timestamp":1.773589190903884e+09,"Recall@1":81.51007890701294,"Recall@5":95.5812931060791,"AP":71.37734952926384,"Recall@10":98.15529584884644}