{
    "1": 0.21857227510754795,
    "2": 0.21137197973514102,
    "3": 0.20391705014431097,
    "4": 0.19575600150952618,
    "5": 0.18852111863102497,
    "6": 0.18153377661130632,
    "7": 0.17526816092819736,
    "8": 0.16981018523563915,
    "9": 0.16487405211895098,
    "10": 0.16042574539523535,
    "11": 0.15618751614292087,
    "12": 0.15230505904848757,
    "13": 0.14880341151562132,
    "14": 0.1455143734475177,
    "15": 0.14241556319761867,
    "16": 0.139504471776551,
    "17": 0.13680017814603598,
    "18": 0.13425003134966385,
    "19": 0.13184731618458834,
    "20": 0.12952698804205107,
    "21": 0.12731892151107604,
    "22": 0.1251971372411069,
    "23": 0.12315120268633603,
    "24": 0.12120805190954131,
    "25": 0.11934028736654774,
    "26": 0.11755079407372032,
    "27": 0.11583622584610354,
    "28": 0.11418636220332884,
    "29": 0.11260642161135762,
    "30": 0.11107853527871828,
    "31": 0.1096159166548197,
    "32": 0.10821080551412035,
    "33": 0.1068570349311118,
    "34": 0.10555186828762457,
    "35": 0.10429388440090066,
    "36": 0.10307706520426523,
    "37": 0.10190064925546476,
    "38": 0.10075908008282396,
    "39": 0.09965015732143447,
    "40": 0.09857293242348591,
    "41": 0.09752267362574991,
    "42": 0.09650311459395244,
    "43": 0.09551634247034356,
    "44": 0.09456227799199739,
    "45": 0.09363325152916613,
    "46": 0.09273483831636294,
    "47": 0.09186335466844804,
    "48": 0.09101794928753654,
    "49": 0.09019862701481923,
    "50": 0.08939875272083342,
    "51": 0.08862121778163642,
    "52": 0.08786081350787778,
    "53": 0.08711911396732144,
    "54": 0.08639202822411735,
    "55": 0.08568264142828026,
    "56": 0.08498835245660674,
    "57": 0.08430813231735514,
    "58": 0.083647489240889,
    "59": 0.08300176842237071,
    "60": 0.08236776668530618,
    "61": 0.08174622594339855,
    "62": 0.0811392529195097,
    "63": 0.08054357374663083,
    "64": 0.07996054430032024,
    "65": 0.07938880365108097,
    "66": 0.07882795058179161,
    "67": 0.07827953526119585,
    "68": 0.07774149440391626,
    "69": 0.0772135729779058,
    "70": 0.07669575705692219,
    "71": 0.07618862396025032,
    "72": 0.07569101459182088,
    "73": 0.07520239542644322,
    "74": 0.07472283018956313,
    "75": 0.07424951536361915,
    "76": 0.0737839461712715,
    "77": 0.07332514091011674,
    "78": 0.07287362660214318,
    "79": 0.07242998357918112,
    "80": 0.0719945860244032,
    "81": 0.07156598004810832,
    "82": 0.07114316042401668,
    "83": 0.07072721399970747,
    "84": 0.07031727188346013,
    "85": 0.06991487282476158,
    "86": 0.06952014826497631,
    "87": 0.06913106012951505,
    "88": 0.0687471267279175,
    "89": 0.06836742971735933,
    "90": 0.06799345287066758,
    "91": 0.06762583732007373,
    "92": 0.06726444305303247,
    "93": 0.06690896825088485,
    "94": 0.06655893622838548,
    "95": 0.06621336563004619,
    "96": 0.06587214804302616,
    "97": 0.06553511051981138,
    "98": 0.0652028968483846,
    "99": 0.06487457458975045,
    "100": 0.06455116301474297
}