{"AP":13.553131970260356,"Recall@10":45.34534513950348,"_step":0,"_timestamp":1.7735900723703208e+09,"Recall@5":35.178035497665405,"Recall@top1":83.52638483047485,"_wandb":{"runtime":0},"Recall@1":18.747319281101227,"_runtime":0.180928833}