{"SDM@5":0.7989668196805366,"_wandb":{"runtime":0},"_runtime":0.250980542,"SDM@3":0.8387256073216921,"MA@1m":0.8151008151008151,"SDM@10":0.688221380050189,"SDM@1":0.8541708937414914,"_step":0,"MA@5m":0.8151008151008151,"_timestamp":1.7735909195793731e+09,"MA@10m":0.8151008151008151}