{"CMC_Curve":{"size":60339,"path":"media/images/CMC_Curve_0_5ee8e5dbaac67ace6119.png","format":"png","width":2382,"height":880,"_type":"image-file","sha256":"5ee8e5dbaac67ace6119c3a67e3a172b8a2928beb95213bf7180b9997bf5c24f"},"Recall@10":98.15529584884644,"_step":0,"_wandb":{"runtime":10},"Recall@5":95.5812931060791,"AP":71.37734952926384,"Recall@1":81.51007890701294,"_runtime":10.575498875,"Recall@top1":99.87130165100098,"_timestamp":1.773589680054687e+09}