{"_runtime":0.167420459,"Recall@1":83.74088406562805,"Recall@top1":99.91419911384583,"Recall@10":97.85499572753906,"_timestamp":1.773590028340461e+09,"Recall@5":95.06649374961853,"AP":72.76385015412582,"_wandb":{"runtime":0},"_step":0}