{"MA@10m":0.18747318747318747,"SDM@1":0.21857227510754795,"SDM@3":0.20391705014431097,"_wandb":{"runtime":0},"_step":0,"_runtime":0.153554583,"_timestamp":1.773591423379939e+09,"SDM@10":0.16042574539523535,"SDM@5":0.18852111863102497,"MA@1m":0.18747318747318747,"MA@5m":0.18747318747318747}