{
    "1": 0.8650356878556704,
    "2": 0.8547730626930772,
    "3": 0.8449741640253043,
    "4": 0.8254585078096813,
    "5": 0.804426542187177,
    "6": 0.7840695148277925,
    "7": 0.7591212891779693,
    "8": 0.7335861289576622,
    "9": 0.7088728848742777,
    "10": 0.6849274969373981,
    "11": 0.6621064830773028,
    "12": 0.64065541043772,
    "13": 0.620485278712855,
    "14": 0.6014746851783876,
    "15": 0.5835778718690351,
    "16": 0.566783798623278,
    "17": 0.5509714700366848,
    "18": 0.5361000051045992,
    "19": 0.5220715441801345,
    "20": 0.5088287384952648,
    "21": 0.49634131867401887,
    "22": 0.48452486409679957,
    "23": 0.4733468578106401,
    "24": 0.4627209900088787,
    "25": 0.45262428878785776,
    "26": 0.4430149155549213,
    "27": 0.4338748582325583,
    "28": 0.42514234711393906,
    "29": 0.4167921414236757,
    "30": 0.4088086287641403,
    "31": 0.40116437112630005,
    "32": 0.39384266373310417,
    "33": 0.38681511199216184,
    "34": 0.38007007151012945,
    "35": 0.3735775319665113,
    "36": 0.3673316077591022,
    "37": 0.36131760212003017,
    "38": 0.3555219880739816,
    "39": 0.34992963758452833,
    "40": 0.34453469708806395,
    "41": 0.33932380766936343,
    "42": 0.33428772393340184,
    "43": 0.32941787849879833,
    "44": 0.324709775923885,
    "45": 0.3201472354432997,
    "46": 0.31572868208033317,
    "47": 0.31144782051670755,
    "48": 0.30729803459462884,
    "49": 0.3032739316727157,
    "50": 0.29936835909754467,
    "51": 0.29557502821027315,
    "52": 0.29188689153286945,
    "53": 0.2883025144631712,
    "54": 0.2848193082424545,
    "55": 0.2814308895251166,
    "56": 0.27813309152843274,
    "57": 0.2749227985634002,
    "58": 0.2717970754773444,
    "59": 0.26875123419677166,
    "60": 0.26578059303761664,
    "61": 0.26288362488874406,
    "62": 0.2600573558445531,
    "63": 0.25729935561782413,
    "64": 0.2546059648499566,
    "65": 0.2519751488070329,
    "66": 0.2494069281782658,
    "67": 0.24689788407953517,
    "68": 0.24444652740635892,
    "69": 0.24205059839592327,
    "70": 0.23970730396505033,
    "71": 0.23741476232649522,
    "72": 0.23517127408448926,
    "73": 0.23297597838372378,
    "74": 0.23082639741442829,
    "75": 0.22872112900067373,
    "76": 0.22666021168066422,
    "77": 0.22464071030021518,
    "78": 0.22266135336447737,
    "79": 0.22072232962002128,
    "80": 0.21882212439187174,
    "81": 0.21695970538304496,
    "82": 0.21513343427312537,
    "83": 0.21334173210514534,
    "84": 0.21158478147441032,
    "85": 0.20986077678114376,
    "86": 0.20816799999994703,
    "87": 0.2065057764385185,
    "88": 0.2048737592657414,
    "89": 0.2032711296740466,
    "90": 0.20169627083240735,
    "91": 0.2001495700161284,
    "92": 0.1986296073191595,
    "93": 0.19713519256859102,
    "94": 0.1956659259906212,
    "95": 0.1942215218342495,
    "96": 0.19280096812982933,
    "97": 0.19140396253383624,
    "98": 0.19002997172255007,
    "99": 0.1886783944759583,
    "100": 0.18734869318268083
}