{"_wandb":{"runtime":0},"AP":71.37734952926384,"Recall@1":81.51007890701294,"Recall@5":95.5812931060791,"_runtime":0.154968833,"_timestamp":1.773589908176864e+09,"_step":0,"Recall@10":98.15529584884644,"Recall@top1":99.87130165100098}